gv_fraction,npv_fraction,soil_fraction
0.46526501,0.53473502,0.00000000
0.00591716,0.34319490,0.65088785
0.58187598,0.41812399,0.00000000
0.00000000,0.96200383,0.03799620
0.00000000,0.25000000,0.75000000
0.03846148,0.46794879,0.49358976
0.21517900,0.78482097,0.00000000
0.00000000,0.02564100,0.97435898
0.71727002,0.28273001,0.00000000
0.51373899,0.48626101,0.00000000
0.00000000,0.47337300,0.52662700
0.00000000,0.54118353,0.45881644
0.64051801,0.35948199,0.00000000
0.27310872,0.72689128,0.00000000
0.71609700,0.28390300,0.00000000
0.01183430,0.17751496,0.81065083
0.00331126,0.75827783,0.23841093
0.00000000,0.98224854,0.01775149
0.16437501,0.83562499,0.00000000
0.15955301,0.84044701,0.00000000
0.00000000,0.00000000,1.00000000
0.00000000,0.02366861,0.97633141
0.41948801,0.58051199,0.00000000
0.00490173,0.99509829,0.00000000
0.96153849,0.03846152,0.00000000
0.15384600,0.23076899,0.61538500
0.00000000,0.08000000,0.92000002
0.29487193,0.05769229,0.64743584
0.16568001,0.73372799,0.10059200
0.21301800,0.18343200,0.60355002
0.62175697,0.37824300,0.00000000
0.47019899,0.01324500,0.51655602
0.51683098,0.48316899,0.00000000
0.00000000,0.46000001,0.54000002
0.46728101,0.53271902,0.00000000
0.00000000,0.11242600,0.88757402
0.32160199,0.67839801,0.00000000
0.39684501,0.60315502,0.00000000
0.12588900,0.87411100,0.00000000
0.52858001,0.47141999,0.00000000
0.19904900,0.80095100,0.00000000
0.00000000,0.57591522,0.42408481
0.28375000,0.71625000,0.00000000
0.07692309,0.32692298,0.59615391
0.21948799,0.78051198,0.00000000
0.67302400,0.32697600,0.00000000
0.00000000,0.09467464,0.90532535
0.45059901,0.54940099,0.00000000
0.00000000,0.62107581,0.37892422
0.92948711,0.01923080,0.05128211
0.00000000,0.34832585,0.65167421
0.84495199,0.15504800,0.00000000
0.18211895,0.00331126,0.81456983
0.00000000,0.54000002,0.46000001
0.34981799,0.65018201,0.00000000
0.00000000,0.79510248,0.20489755
0.40430501,0.59569502,0.00000000
0.28846177,0.07051274,0.64102548
0.00000000,0.43787000,0.56212997
0.31882399,0.68117601,0.00000000
0.93589741,0.01282051,0.05128212
0.27482301,0.72517699,0.00000000
0.69265902,0.30734101,0.00000000
0.02564101,0.91025633,0.06410262
0.42518601,0.57481402,0.00000000
0.00000000,0.87897581,0.12102421
0.02366860,0.01775150,0.95857990
0.19443201,0.80556798,0.00000000
0.64488697,0.35511300,0.00000000
0.35433999,0.64565998,0.00000000
0.00000000,0.67000002,0.33000001
0.00000000,0.01183430,0.98816574
0.58982098,0.41017899,0.00000000
0.00000000,0.15157579,0.84842420
0.23717900,0.62179500,0.14102601
0.81276000,0.18724000,0.00000000
0.55821198,0.44178799,0.00000000
0.41571900,0.58428103,0.00000000
0.60953701,0.39046299,0.00000000
0.00641026,0.08333334,0.91025639
0.00000000,0.80299997,0.19700000
0.28836399,0.71163601,0.00000000
0.29789200,0.70210803,0.00000000
0.07100584,0.68639040,0.24260379
0.52788699,0.47211301,0.00000000
0.01775151,0.75147939,0.23076910
0.46549901,0.53450102,0.00000000
0.00000000,0.01000000,0.99000001
0.25020200,0.74979800,0.00000000
0.40590301,0.59409702,0.00000000
0.68129301,0.31870699,0.00000000
0.17304300,0.82695699,0.00000000
0.00000000,0.48489702,0.51510304
0.11167600,0.88832402,0.00000000
0.99358976,0.00641026,0.00000000
0.38632500,0.61367500,0.00000000
0.08974363,0.20512807,0.70512825
0.72535002,0.27465001,0.00000000
0.25117099,0.74882901,0.00000000
0.00000000,0.76999998,0.23000000
0.47652999,0.52346998,0.00000000
0.29470199,0.01324500,0.69205302
0.57874900,0.42125100,0.00000000
0.00000000,0.16568001,0.83432001
0.00000000,0.90532535,0.09467464
0.44124058,0.55875945,0.00000000
0.00000000,0.95266265,0.04733728
0.52445799,0.47554201,0.00000000
0.05128209,0.42307693,0.52564096
0.34113199,0.65886801,0.00000000
0.29014400,0.70985597,0.00000000
0.98675489,0.00331126,0.00993378
0.00000000,0.29535234,0.70464766
0.73863900,0.26136100,0.00000000
0.00000000,0.41999999,0.57999998
0.36538500,0.02564100,0.60897398
0.00000000,0.37887579,0.62112421
0.00000000,0.90202934,0.09797060
0.40148899,0.59851098,0.00000000
0.67317402,0.32682601,0.00000000
0.06410256,0.51923072,0.41666678
0.01923080,0.94871789,0.03205130
0.05128212,0.85897422,0.08974363
0.86538458,0.12179494,0.01282049
0.05325437,0.32544386,0.62130171
0.45823500,0.54176497,0.00000000
0.55603403,0.44396600,0.00000000
0.19573399,0.80426598,0.00000000
0.88280499,0.11719500,0.00000000
0.00000000,0.73000002,0.27000001
0.58450401,0.41549599,0.00000000
0.14743599,0.17948700,0.67307699
0.61184603,0.38815400,0.00000000
0.05128208,0.86538470,0.08333327
0.08333327,0.05128208,0.86538470
0.63167602,0.36832401,0.00000000
0.26282099,0.71153802,0.02564100
0.35694599,0.64305401,0.00000000
0.00000000,0.23484698,0.76515305
0.06410263,0.00000000,0.93589741
0.08333328,0.16666695,0.74999982
0.05769228,0.12820496,0.81410271
0.83591002,0.16408999,0.00000000
0.00000000,0.20999999,0.79000002
0.05325443,0.37869823,0.56804734
0.46655801,0.53344202,0.00000000
0.00000000,0.14391440,0.85608566
0.35786399,0.64213598,0.00000000
0.44871801,0.00000000,0.55128199
0.05250929,0.94749075,0.00000000
0.41996101,0.58003902,0.00000000
0.47558901,0.52441102,0.00000000
0.03550300,0.38461500,0.57988203
0.98816574,0.01183430,0.00000000
0.00000000,0.54522741,0.45477265
0.00000000,0.17416516,0.82583475
0.60741800,0.39258200,0.00000000
0.34193504,0.05161291,0.60645205
0.21153805,0.76923114,0.01923080
0.41153499,0.58846498,0.00000000
0.01923080,0.90384614,0.07692311
0.00000000,0.54522741,0.45477265
0.00000000,0.00800000,0.99199998
0.65522403,0.34477600,0.00000000
0.05325437,0.31952685,0.62721872
0.75300002,0.00000000,0.24699999
0.07692309,0.25640997,0.66666692
0.91574270,0.08425737,0.00000000
0.04487181,0.83333313,0.12179502
0.08879755,0.91120243,0.00000000
0.10897412,0.73717976,0.15384616
0.33659700,0.66340297,0.00000000
1.00000000,0.00000000,0.00000000
0.00591716,0.33727798,0.65680492
0.00000000,0.29535234,0.70464766
0.60863602,0.39136401,0.00000000
0.00641026,0.08333334,0.91025639
0.16579500,0.83420497,0.00000000
0.42148301,0.57851702,0.00000000
0.00000000,0.52285689,0.47714314
0.14102598,0.85256380,0.00641026
0.12426012,0.20118320,0.67455667
0.73474801,0.26525199,0.00000000
0.52964002,0.47036001,0.00000000
0.69120502,0.30879501,0.00000000
0.11538497,0.80128181,0.08333328
0.05128209,0.22435898,0.72435892
0.00641026,0.83333361,0.16025612
0.56145501,0.43854499,0.00000000
0.59124601,0.40875399,0.00000000
0.18589719,0.71153873,0.10256410
0.98224854,0.01775149,0.00000000
0.73495901,0.26504099,0.00000000
0.00000000,0.77293187,0.22706811
0.55618000,0.44382000,0.00000000
0.21794882,0.76282036,0.01923078
0.28598401,0.71401602,0.00000000
0.00000000,0.38624549,0.61375445
0.54341102,0.45658901,0.00000000
0.08712646,0.91287357,0.00000000
0.63680398,0.36319599,0.00000000
0.00000000,0.29535234,0.70464766
0.39494699,0.60505301,0.00000000
0.39230600,0.60769397,0.00000000
0.67972100,0.32027900,0.00000000
0.56647402,0.43352601,0.00000000
0.48308945,0.51691049,0.00000000
0.62760800,0.37239200,0.00000000
0.33815899,0.66184098,0.00000000
0.00000000,0.00000000,1.00000000
0.00000000,0.31072429,0.68927568
0.22435901,0.00000000,0.77564102
0.29967400,0.70032603,0.00000000
0.00000000,0.04142009,0.95857990
0.00000000,0.39645001,0.60355002
0.83333302,0.00000000,0.16666700
0.70581901,0.29418099,0.00000000
0.00000000,0.47000000,0.52999997
0.01282051,0.00000000,0.98717952
0.30059999,0.69940001,0.00000000
0.96153849,0.03846152,0.00000000
0.03550300,0.14792900,0.81656802
0.00000000,0.29535234,0.70464766
0.57735097,0.42264900,0.00000000
0.76990098,0.23009899,0.00000000
0.14143001,0.85856998,0.00000000
0.68441200,0.31558800,0.00000000
0.96794873,0.03205129,0.00000000
0.67798698,0.32201299,0.00000000
0.07051282,0.00000000,0.92948723
0.34289199,0.65710801,0.00000000
0.30568299,0.69431698,0.00000000
0.57007402,0.42992601,0.00000000
0.00000000,0.56000000,0.44000000
0.18589698,0.76282090,0.05128209
0.14743590,0.76282054,0.08974355
0.38665500,0.61334503,0.00000000
0.00000000,1.00000000,0.00000000
0.48133799,0.51866198,0.00000000
0.00000000,0.25999999,0.74000001
0.00000000,0.25692570,0.74307430
0.27564093,0.08333328,0.64102584
0.50758398,0.49241599,0.00000000
0.35118899,0.64881098,0.00000000
0.05769229,0.60256386,0.33974391
0.28846180,0.64743555,0.06410255
0.48200801,0.51799202,0.00000000
0.31670401,0.68329602,0.00000000
0.00000000,0.60603940,0.39396060
0.28538200,0.71461803,0.00000000
0.00000000,0.56082433,0.43917570
0.57405800,0.42594200,0.00000000
0.91715986,0.08284019,0.00000000
0.00000000,0.23000000,0.76999998
0.66410500,0.33589500,0.00000000
0.00000000,0.14000000,0.86000001
0.71166599,0.28833401,0.00000000
0.42608500,0.57391500,0.00000000
0.00000000,0.34093410,0.65906590
0.32642299,0.67357701,0.00000000
0.41194099,0.58805901,0.00000000
0.00591716,0.00591716,0.98816574
0.33415601,0.66584402,0.00000000
0.00000000,0.47929001,0.52070999
0.02564100,0.87179500,0.10256400
0.00000000,0.28792879,0.71207124
0.30391401,0.69608599,0.00000000
0.06620472,0.93379533,0.00000000
0.00662252,0.02317879,0.97019863
0.16887400,0.16225199,0.66887403
0.60427099,0.39572901,0.00000000
0.00000000,0.15908408,0.84091592
0.04733729,0.62130189,0.33136091
0.71794897,0.00000000,0.28205100
0.00000000,0.93491119,0.06508882
0.35897428,0.60897440,0.03205132
0.75410098,0.24589901,0.00000000
0.00000000,0.19526599,0.80473399
0.37649101,0.62350899,0.00000000
0.73674703,0.26325300,0.00000000
0.35769400,0.64230603,0.00000000
0.15210700,0.84789300,0.00000000
1.00000000,0.00000000,0.00000000
0.46659300,0.53340697,0.00000000
0.36237699,0.63762301,0.00000000
0.52639198,0.47360799,0.00000000
0.19230799,0.00000000,0.80769199
0.00000000,0.23000000,0.76999998
0.00000000,0.51923102,0.48076901
0.54821801,0.45178199,0.00000000
0.05109771,0.94890231,0.00000000
0.24358997,0.70512795,0.05128209
0.94230777,0.01282050,0.04487179
0.24159400,0.75840598,0.00000000
0.07914528,0.92085475,0.00000000
0.45605201,0.54394799,0.00000000
0.00000000,0.25000000,0.75000000
0.60328799,0.39671201,0.00000000
0.16313200,0.83686799,0.00000000
0.21301900,0.78698099,0.00000000
0.66149098,0.33850899,0.00000000
0.87149900,0.12850100,0.00000000
0.19205301,0.15562899,0.65231800
0.07692309,0.14743598,0.77564090
0.61258101,0.38741899,0.00000000
0.47797701,0.52202302,0.00000000
1.00000000,0.00000000,0.00000000
0.03205129,0.00000000,0.96794873
1.00000000,0.00000000,0.00000000
0.00000000,0.57591522,0.42408481
0.28205100,0.00000000,0.71794897
0.00000000,0.50000000,0.50000000
0.00000000,0.06410263,0.93589741
0.59271502,0.22516599,0.18211900
0.53723699,0.46276301,0.00000000
0.23797099,0.76202899,0.00000000
0.77337301,0.22662701,0.00000000
0.00000000,0.13634545,0.86365449
0.25800100,0.74199897,0.00000000
0.05769233,0.93589741,0.00641026
0.54068702,0.45931301,0.00000000
0.37161201,0.62838799,0.00000000
0.07692309,0.63461494,0.28846198
0.01496351,0.98503649,0.00000000
0.00000000,0.01500000,0.98500001
0.54259598,0.45740399,0.00000000
0.32388601,0.67611402,0.00000000
0.06482872,0.93517131,0.00000000
0.41963500,0.58036500,0.00000000
0.02564100,0.92307687,0.05128209
0.66415399,0.33584601,0.00000000
0.59615397,0.00000000,0.40384600
0.13461500,0.34615400,0.51923102
0.00214954,0.99785048,0.00000000
0.03550301,0.05917162,0.90532535
0.00000000,0.21976593,0.78023410
0.24052300,0.75947702,0.00000000
0.00000000,0.20460230,0.79539770
0.00000000,0.36374551,0.63625455
0.52477801,0.47522199,0.00000000
0.19576700,0.80423301,0.00000000
0.00000000,0.80299997,0.19700000
0.67358702,0.32641301,0.00000000
0.44848201,0.55151802,0.00000000
0.64510101,0.35489899,0.00000000
0.05769228,0.00000000,0.94230765
0.71236002,0.28764001,0.00000000
0.69401801,0.30598199,0.00000000
0.00591716,0.33727798,0.65680492
0.41199300,0.58800697,0.00000000
0.01775149,0.36686382,0.61538470
0.00000000,0.18183635,0.81816363
0.52564102,0.10256400,0.37179500
0.62985897,0.37014100,0.00000000
0.66453397,0.33546600,0.00000000
0.54941899,0.45058101,0.00000000
0.00000000,0.50780308,0.49219686
0.60896999,0.39103001,0.00000000
0.00000000,0.02564100,0.97435898
0.00000000,0.00000000,1.00000000
0.53550500,0.46449500,0.00000000
0.15384600,0.17948700,0.66666698
0.62670302,0.37329701,0.00000000
0.67948765,0.16025615,0.16025615
0.21153800,0.62179500,0.16666700
0.00000000,0.47000000,0.52999997
0.01775149,0.98224854,0.00000000
0.03846150,0.94871801,0.01282050
0.00000000,0.14391440,0.85608566
0.00000000,0.82596523,0.17403480
0.74920797,0.25079200,0.00000000
0.18629099,0.81370902,0.00000000
0.42569199,0.57430798,0.00000000
0.00641026,0.00641026,0.98717946
0.00000000,0.34911200,0.65088803
0.00000000,0.83333302,0.16666700
0.07051279,0.89743590,0.03205130
0.76374000,0.23626000,0.00000000
0.00000000,0.17416516,0.82583475
0.64008999,0.35991001,0.00000000
0.28858200,0.71141797,0.00000000
0.00000000,0.90900910,0.09099090
0.59721398,0.40278599,0.00000000
0.33890101,0.66109902,0.00000000
0.44144499,0.55855501,0.00000000
0.88718098,0.11281900,0.00000000
0.23461400,0.76538599,0.00000000
0.71245599,0.28754401,0.00000000
0.70973301,0.29026699,0.00000000
0.05769228,0.16666694,0.77564073
0.00000000,0.00000000,1.00000000
0.69871801,0.00000000,0.30128199
0.64764100,0.35235900,0.00000000
0.00000000,0.58999997,0.41000000
0.19426399,0.80573601,0.00000000
0.83974397,0.16025600,0.00000000
0.01183429,0.91124260,0.07692306
0.00000000,0.34832585,0.65167421
0.44272399,0.55727601,0.00000000
0.00846528,0.99153477,0.00000000
0.26092201,0.73907799,0.00000000
0.25323999,0.74676001,0.00000000
0.67661399,0.32338601,0.00000000
0.00641026,0.03846151,0.95512825
0.43429399,0.56570601,0.00000000
0.37456399,0.62543601,0.00000000
0.36371800,0.63628203,0.00000000
0.82248533,0.11834305,0.05917162
0.44100201,0.55899799,0.00000000
0.14743599,0.00000000,0.85256398
0.06410263,0.12820506,0.80769235
0.14743599,0.00000000,0.85256398
0.34386799,0.65613198,0.00000000
0.50903797,0.49096200,0.00000000
0.62351000,0.37649000,0.00000000
0.49668875,0.08278146,0.42052978
0.00662252,0.48013225,0.51324522
0.01324500,0.87748301,0.10927200
0.01775151,0.53254426,0.44970420
0.73979902,0.26020101,0.00000000
0.07130127,0.92869866,0.00000000
0.62917501,0.37082499,0.00000000
0.19990000,0.80010003,0.00000000
0.00000000,0.21207879,0.78792119
0.47269899,0.52730101,0.00000000
0.32692301,0.00000000,0.67307699
0.00000000,0.98224854,0.01775149
0.02564100,0.48076901,0.49359000
0.68113500,0.31886500,0.00000000
0.63708103,0.36291900,0.00000000
0.51678902,0.48321101,0.00000000
0.14079100,0.85920900,0.00000000
0.64384300,0.35615700,0.00000000
0.26181799,0.73818201,0.00000000
0.15231785,0.12251688,0.72516531
0.00000000,0.23668601,0.76331401
0.38636199,0.61363798,0.00000000
0.00000000,0.47999999,0.51999998
0.51382202,0.48617801,0.00000000
0.50782597,0.49217400,0.00000000
0.00000000,0.00000000,1.00000000
0.86813003,0.13187000,0.00000000
0.12179500,0.67307699,0.20512800
0.40746301,0.59253699,0.00000000
0.12179500,0.16666700,0.71153802
0.17307705,0.75641018,0.07051282
0.00000000,0.63614553,0.36385447
0.97633141,0.02366861,0.00000000
0.35460800,0.64539200,0.00000000
0.74205399,0.25794601,0.00000000
0.95512819,0.00000000,0.04487181
0.65328699,0.34671301,0.00000000
0.58553499,0.41446501,0.00000000
0.02366859,0.13017793,0.84615350
0.14743599,0.68589699,0.16666700
0.00000000,0.40905908,0.59094089
0.03846152,0.00000000,0.96153849
0.00000000,0.57999998,0.41999999
0.00000000,0.66863900,0.33136100
0.00000000,0.43188637,0.56811363
0.41388100,0.58611900,0.00000000
0.17948718,0.71153873,0.10897411
0.00000000,0.17159800,0.82840198
0.02564100,0.62820500,0.34615400
0.49399000,0.50601000,0.00000000
0.63910103,0.36089900,0.00000000
0.00000000,0.92948723,0.07051282
0.15894012,0.02980132,0.81125861
0.00000000,0.52614212,0.47385782
0.00000000,0.61000001,0.38999999
0.00000000,0.63614553,0.36385447
0.62786400,0.37213600,0.00000000
0.52908802,0.47091201,0.00000000
0.00000000,1.00000000,0.00000000
0.41161600,0.58838397,0.00000000
0.00000000,0.02300000,0.97700000
0.01282049,0.36538482,0.62179470
0.54673100,0.45326900,0.00000000
0.16025615,0.12820512,0.71153867
0.59321302,0.40678701,0.00000000
0.00000000,0.30769199,0.69230801
0.52852100,0.47147900,0.00000000
0.00000000,0.32586518,0.67413485
0.00000000,0.04142009,0.95857990
0.02980129,0.65231782,0.31788090
0.88336098,0.11663900,0.00000000
0.01775149,0.39053282,0.59171569
0.20710100,0.12426000,0.66863900
0.30769199,0.33974400,0.35256401
0.45192099,0.54807901,0.00000000
0.00000000,0.21976593,0.78023410
0.69387901,0.30612099,0.00000000
0.03311262,0.46688721,0.50000024
0.61745501,0.38254499,0.00000000
0.00000000,0.24852100,0.75147903
0.52564102,0.00000000,0.47435901
0.73805302,0.26194701,0.00000000
0.42389101,0.57610899,0.00000000
0.53584301,0.46415699,0.00000000
0.00000000,0.46984097,0.53015906
0.14792900,0.57988203,0.27218899
0.12251700,0.18211900,0.69536400
0.00000000,0.46000001,0.54000002
0.09615372,0.14102589,0.76282036
0.39713699,0.60286301,0.00000000
0.00000000,0.00800000,0.99199998
0.85668999,0.14331000,0.00000000
0.00000000,0.00000000,1.00000000
0.66306400,0.33693600,0.00000000
0.03205130,0.87820506,0.08974361
0.57769102,0.42230901,0.00000000
0.00000000,0.00000000,1.00000000
0.54298198,0.45701799,0.00000000
0.94204789,0.05795209,0.00000000
0.58603299,0.41396701,0.00000000
0.24255700,0.75744301,0.00000000
0.03846152,0.48076925,0.48076925
0.38880599,0.61119401,0.00000000
0.00000000,0.68193644,0.31806362
0.33115101,0.66884899,0.00000000
0.53083700,0.46916300,0.00000000
0.71664703,0.28335300,0.00000000
0.00000000,0.87897581,0.12102421
0.32729501,0.67270499,0.00000000
0.01923080,0.89743590,0.08333329
0.74604303,0.25395700,0.00000000
0.08523836,0.91476160,0.00000000
0.42881501,0.57118499,0.00000000
0.14201200,0.44970399,0.40828401
0.03205131,0.93589735,0.03205131
0.11496500,0.88503498,0.00000000
0.00000000,0.02958581,0.97041422
0.45028600,0.54971403,0.00000000
0.48076910,0.09615382,0.42307708
0.83565497,0.16434500,0.00000000
0.01923080,0.48076910,0.50000012
0.04487181,0.60897410,0.34615409
0.38328600,0.61671400,0.00000000
0.04487181,0.33333308,0.62179512
0.01986759,0.06291387,0.91721857
0.32590500,0.67409497,0.00000000
0.59803599,0.40196401,0.00000000
0.42838901,0.57161099,0.00000000
0.00000000,0.51999998,0.47999999
0.00000000,0.17416516,0.82583475
0.00000000,0.34319499,0.65680498
0.46910900,0.53089100,0.00000000
0.00000000,0.01923080,0.98076922
0.06508882,0.18343203,0.75147915
0.71740401,0.28259599,0.00000000
0.61084801,0.38915199,0.00000000
0.28327599,0.71672398,0.00000000
0.55043000,0.44957000,0.00000000
0.54359001,0.45640999,0.00000000
0.23717923,0.58333361,0.17948718
0.45178699,0.54821301,0.00000000
0.47771099,0.52228898,0.00000000
0.00000000,0.48489702,0.51510304
0.00000000,0.43000001,0.56999999
0.09467454,0.24260385,0.66272157
1.00000000,0.00000000,0.00000000
0.25641000,0.39102599,0.35256401
0.81359798,0.18640199,0.00000000
0.00000000,0.00000000,1.00000000
0.99358976,0.00641026,0.00000000
0.46794912,0.04487181,0.48717913
0.10245300,0.89754701,0.00000000
0.21301800,0.23668601,0.55029601
0.00000000,0.95999998,0.04000000
0.25787899,0.74212098,0.00000000
0.49065500,0.50934500,0.00000000
0.41666701,0.00000000,0.58333302
0.51575798,0.48424199,0.00000000
0.71577603,0.28422400,0.00000000
0.80503601,0.19496401,0.00000000
1.00000000,0.00000000,0.00000000
0.63110000,0.36890000,0.00000000
0.19230804,0.07051282,0.73717916
0.00000000,0.87897581,0.12102421
0.82576299,0.17423700,0.00000000
0.12820503,0.85256416,0.01923080
0.38260901,0.61739099,0.00000000
0.05629138,0.12582795,0.81788069
0.20118301,0.10650900,0.69230801
0.00000000,1.00000000,0.00000000
0.08875737,0.29585788,0.61538476
0.92974901,0.07025100,0.00000000
0.27570301,0.72429699,0.00000000
0.95659143,0.04340862,0.00000000
0.43245399,0.56754601,0.00000000
0.88461500,0.11538500,0.00000000
0.00000000,0.20460230,0.79539770
0.57295501,0.42704499,0.00000000
0.00641027,0.88461572,0.10897408
0.29181999,0.70818001,0.00000000
0.05050281,0.94949722,0.00000000
0.43927699,0.56072301,0.00000000
0.64925498,0.35074499,0.00000000
0.12582803,0.00993378,0.86423820
0.11444300,0.88555700,0.00000000
0.10897411,0.71153873,0.17948718
0.84834301,0.15165700,0.00000000
0.80086601,0.19913401,0.00000000
0.20404200,0.79595798,0.00000000
0.65195799,0.34804201,0.00000000
0.00000000,0.02000000,0.98000002
0.60034603,0.39965400,0.00000000
0.00000000,0.22723182,0.77276814
0.18589704,0.71794915,0.09615383
0.29641601,0.70358402,0.00000000
0.00000000,0.59095913,0.40904093
0.10650893,0.09467454,0.79881650
0.00000000,0.02200000,0.97799999
0.65452403,0.34547600,0.00000000
0.00000000,0.44700000,0.55299997
0.00000000,0.27278185,0.72721815
0.97019863,0.00331126,0.02649009
0.00000000,0.38000000,0.62000000
0.19205301,0.30463600,0.50331098
0.00000000,0.20460230,0.79539770
0.46364099,0.53635901,0.00000000
0.13295500,0.86704499,0.00000000
0.52203399,0.47796601,0.00000000
0.00000000,0.29535234,0.70464766
0.00000000,0.09845078,0.90154928
0.00000000,0.62179500,0.37820500
0.10139200,0.89860803,0.00000000
0.66230702,0.33769301,0.00000000
0.99337751,0.00662252,0.00000000
0.52741301,0.47258699,0.00000000
0.71589398,0.28410599,0.00000000
0.51135802,0.48864201,0.00000000
0.02958577,0.20710082,0.76331335
0.02366861,0.52071023,0.45562118
0.27124101,0.72875899,0.00000000
0.27564093,0.00641026,0.71794879
0.00000000,0.43922433,0.56077570
0.66493201,0.33506799,0.00000000
0.70755202,0.29244801,0.00000000
0.99668878,0.00331126,0.00000000
0.81817001,0.18183000,0.00000000
0.00591716,0.13017797,0.86390483
0.34499401,0.65500599,0.00000000
0.04487181,0.38461506,0.57051313
0.02958580,0.37278107,0.59763312
0.34615400,0.02564100,0.62820500
0.14900699,0.11920500,0.73178798
0.61224103,0.38775900,0.00000000
0.70198703,0.16887400,0.12913901
0.00000000,0.31813636,0.68186361
0.52224803,0.47775200,0.00000000
0.52341199,0.47658801,0.00000000
0.60134202,0.39865801,0.00000000
0.00000000,0.82248503,0.17751500
0.90384614,0.02564100,0.07051281
0.04968281,0.95031720,0.00000000
0.66138601,0.33861399,0.00000000
0.00000000,0.58999997,0.41000000
0.00000000,0.74210316,0.25789684
0.00000000,0.15908408,0.84091592
0.00000000,0.91697508,0.08302490
0.44478399,0.55521601,0.00000000
0.33499199,0.66500801,0.00000000
0.36989599,0.63010401,0.00000000
0.00000000,0.14201200,0.85798800
1.00000000,0.00000000,0.00000000
0.96153843,0.01923081,0.01923081
0.10059200,0.16568001,0.73372799
0.96794873,0.03205129,0.00000000
0.02958581,0.31360909,0.65680516
0.78514302,0.21485700,0.00000000
0.53084499,0.46915501,0.00000000
0.50641000,0.14743599,0.34615400
0.00641026,0.96794873,0.02564099
0.19867510,0.04635762,0.75496727
0.08974363,0.91025633,0.00000000
0.00000000,0.23484698,0.76515305
0.20003900,0.79996097,0.00000000
0.85520399,0.14479600,0.00000000
0.00000000,0.98000002,0.02000000
0.04487178,0.86538470,0.08974357
0.00000000,0.84023702,0.15976299
0.36418101,0.63581902,0.00000000
0.06410259,0.84615386,0.08974359
0.21301779,0.27810672,0.50887555
0.00000000,0.29535234,0.70464766
0.83700001,0.00000000,0.16300000
0.00000000,0.01282051,0.98717952
0.38574201,0.61425799,0.00000000
0.79090202,0.20909800,0.00000000
0.07944537,0.92055464,0.00000000
0.62527698,0.37472299,0.00000000
0.78009599,0.21990401,0.00000000
0.40239099,0.59760898,0.00000000
0.19871800,0.57692301,0.22435901
0.02366859,0.36094680,0.61538464
0.00000000,0.48489702,0.51510304
0.56500000,0.00000000,0.43500000
1.00000000,0.00000000,0.00000000
0.00000000,0.61000001,0.38999999
0.51923114,0.04487181,0.43589708
0.00000000,0.59095913,0.40904093
0.48213601,0.51786399,0.00000000
0.81207502,0.18792500,0.00000000
0.00000000,0.78846198,0.21153800
0.00000000,0.15908408,0.84091592
0.07692318,0.46153843,0.46153843
0.35897428,0.00641026,0.63461548
0.78091401,0.21908601,0.00000000
0.00000000,0.52564102,0.47435901
0.45587999,0.54412001,0.00000000
0.28205130,0.16025616,0.55769253
0.00000000,0.71005899,0.28994101
0.46161899,0.53838098,0.00000000
0.08449700,0.91550303,0.00000000
0.50641024,0.03846152,0.45512822
0.00000000,0.12882577,0.87117428
0.55139399,0.44860601,0.00000000
0.00000000,0.89743602,0.10256400
0.00000000,0.19700000,0.80299997
0.45680001,0.54320002,0.00000000
0.23076899,0.17948700,0.58974397
0.00000000,0.58312511,0.41687497
0.67680597,0.32319400,0.00000000
0.10650900,0.78698200,0.10650900
0.35929200,0.64070803,0.00000000
0.00000000,0.89999998,0.10000000
0.19283600,0.80716401,0.00000000
0.48623100,0.51376897,0.00000000
0.92948717,0.03205131,0.03846151
0.00000000,0.54522741,0.45477265
0.10256400,0.29487199,0.60256398
0.55745298,0.44254699,0.00000000
0.93589741,0.06410263,0.00000000
0.35591099,0.64408898,0.00000000
0.07692309,0.17751499,0.74556196
0.01923079,0.14102590,0.83974338
0.98675501,0.00000000,0.01324500
0.62158698,0.37841299,0.00000000
0.07692309,0.13461499,0.78846186
0.98675501,0.00000000,0.01324500
1.00000000,0.00000000,0.00000000
0.37156001,0.62844002,0.00000000
0.00000000,0.76999998,0.23000000
0.00000000,0.02958581,0.97041422
0.00000000,0.13000000,0.87000000
0.03846152,0.57692331,0.38461518
0.84635901,0.15364100,0.00000000
0.23566400,0.76433599,0.00000000
0.47674799,0.52325201,0.00000000
0.36278600,0.63721400,0.00000000
0.43046406,0.07615891,0.49337706
0.00000000,0.13326004,0.86674005
0.58209002,0.41791001,0.00000000
0.83135003,0.16865000,0.00000000
0.34576499,0.65423501,0.00000000
0.59781802,0.40218201,0.00000000
0.00000000,0.43787000,0.56212997
0.61355400,0.38644600,0.00000000
0.41313100,0.58686900,0.00000000
0.05128209,0.78205091,0.16666698
0.83333319,0.07692312,0.08974362
0.00000000,0.12000000,0.88000000
0.01708739,0.98291254,0.00000000
0.00000000,0.96999103,0.03000900
0.00000000,0.16568001,0.83432001
0.29170501,0.70829499,0.00000000
0.00000000,0.89398938,0.10601060
0.68853402,0.31146601,0.00000000
0.77800298,0.22199699,0.00000000
0.27574700,0.72425300,0.00000000
0.00000000,0.20118301,0.79881698
0.00000000,0.10000000,0.89999998
0.46101999,0.53898001,0.00000000
0.00000000,0.01500000,0.98500001
0.00000000,0.94700003,0.05300000
0.00000000,0.84615397,0.15384600
1.00000000,0.00000000,0.00000000
0.17880800,0.35099301,0.47019899
0.27815700,0.72184300,0.00000000
0.69104099,0.30895901,0.00000000
0.00641026,0.00641026,0.98717946
0.83762598,0.16237400,0.00000000
0.98076922,0.01923080,0.00000000
0.23076899,0.10650900,0.66272199
0.13954701,0.86045301,0.00000000
0.40382999,0.59617001,0.00000000
0.06508882,0.10650902,0.82840216
0.02564100,0.41025600,0.56410301
0.68099999,0.00000000,0.31900001
0.00641026,0.28205121,0.71153855
0.05128209,0.17307699,0.77564090
0.01324501,0.89072847,0.09602655
0.00000000,0.00000000,1.00000000
0.41025099,0.58974898,0.00000000
0.56378102,0.43621901,0.00000000
0.09096391,0.90903610,0.00000000
0.59481001,0.40518999,0.00000000
0.12179500,0.72435898,0.15384600
0.41917500,0.58082497,0.00000000
0.00000000,0.11364546,0.88635451
0.08974355,0.19230787,0.71794856
0.41553900,0.58446097,0.00000000
0.64303303,0.35696700,0.00000000
0.07692311,0.85256410,0.07051281
0.52852601,0.47147399,0.00000000
0.33169401,0.66830599,0.00000000
0.00641026,0.96153843,0.03205131
0.59167099,0.40832901,0.00000000
0.00000000,0.43188637,0.56811363
0.07051278,0.83974367,0.08974357
0.58931798,0.41068199,0.00000000
0.53205103,0.00000000,0.46794900
0.53691798,0.46308199,0.00000000
0.00000000,0.33320007,0.66680002
0.03846152,0.00000000,0.96153849
0.06410262,0.78205132,0.15384606
0.07577182,0.92422819,0.00000000
0.63101798,0.36898199,0.00000000
0.86538500,0.13461500,0.00000000
0.10752900,0.89247102,0.00000000
0.41666681,0.54487175,0.03846148
0.05128212,0.01282051,0.93589741
0.81907499,0.18092500,0.00000000
0.65520102,0.34479901,0.00000000
0.16666698,0.78205091,0.05128209
0.98224854,0.01183429,0.00591716
0.00000000,0.54522741,0.45477265
0.36096400,0.63903600,0.00000000
0.14102601,0.02564100,0.83333302
0.59370100,0.40629900,0.00000000
0.72203499,0.27796501,0.00000000
0.63313699,0.36686301,0.00000000
0.85793698,0.14206301,0.00000000
0.08974355,0.11538494,0.79487151
0.00000000,0.17000000,0.82999998
0.00000000,0.89398938,0.10601060
1.00000000,0.00000000,0.00000000
0.62825000,0.37175000,0.00000000
0.00000000,0.91697508,0.08302490
0.74743700,0.25256300,0.00000000
0.00000000,0.00800000,0.99199998
0.05863881,0.94136119,0.00000000
0.27483428,0.20860919,0.51655650
0.00000000,0.59095913,0.40904093
0.46391901,0.53608102,0.00000000
0.06291391,0.40728506,0.52980107
0.01923080,0.79487216,0.18589704
0.68259102,0.31740901,0.00000000
0.08854391,0.91145611,0.00000000
0.02614381,0.97385621,0.00000000
0.72156101,0.27843899,0.00000000
0.00000000,0.86538500,0.13461500
0.31148300,0.68851697,0.00000000
0.89349103,0.10650900,0.00000000
0.19526599,0.14201200,0.66272199
0.24756099,0.75243902,0.00000000
0.13609487,0.28402373,0.57988149
0.55699700,0.44300300,0.00000000
0.00000000,0.18932429,0.81067574
0.45178643,0.54821354,0.00000000
0.03205129,0.00000000,0.96794873
0.00000000,0.27278185,0.72721815
0.00000000,0.25770310,0.74229693
0.00000000,0.78006595,0.21993400
0.12426005,0.09467464,0.78106529
0.54647601,0.45352399,0.00000000
0.38866001,0.61133999,0.00000000
0.01986760,0.04304640,0.93708599
0.46435499,0.53564501,0.00000000
0.50186700,0.49813300,0.00000000
0.04250890,0.95749110,0.00000000
0.59615368,0.39102581,0.01282049
0.00000000,0.36374551,0.63625455
0.00000000,0.33136100,0.66863900
0.07100591,0.63905305,0.28994104
0.00641026,0.95512825,0.03846151
0.00000000,0.00000000,1.00000000
0.00000000,0.75000000,0.25000000
0.00000000,0.99408287,0.00591716
0.06410256,0.62179464,0.31410283
0.82403100,0.17596900,0.00000000
0.00000000,0.93491119,0.06508882
0.08333331,0.82692307,0.08974361
0.15478501,0.84521502,0.00000000
0.64912301,0.35087699,0.00000000
0.00000000,0.62892580,0.37107423
0.00000000,0.97000003,0.03000000
0.08875737,0.39053285,0.52070981
0.69069803,0.30930200,0.00000000
0.00000000,0.55128199,0.44871801
0.52762401,0.47237599,0.00000000
0.52433503,0.47566500,0.00000000
0.66025645,0.08333335,0.25641018
0.52422702,0.47577301,0.00000000
0.45065501,0.54934502,0.00000000
0.35787800,0.64212197,0.00000000
0.80759084,0.19240919,0.00000000
0.27981699,0.72018301,0.00000000
0.00000000,0.01000000,0.99000001
0.00000000,0.38624549,0.61375445
0.00000000,0.00641026,0.99358976
0.01986760,0.88079476,0.09933767
0.47707701,0.52292299,0.00000000
0.04406300,0.95593703,0.00000000
0.27001801,0.72998202,0.00000000
0.00000000,0.00000000,1.00000000
0.08875736,0.28994086,0.62130171
0.96794873,0.03205129,0.00000000
0.77302998,0.22697000,0.00000000
0.00000000,0.53846198,0.46153799
0.11348300,0.88651699,0.00000000
0.71794897,0.00000000,0.28205100
0.04733729,0.59763288,0.35502991
0.37784699,0.62215298,0.00000000
0.00000000,0.88999999,0.11000000
0.67682499,0.32317501,0.00000000
0.58627498,0.41372499,0.00000000
0.51627803,0.48372200,0.00000000
0.00000000,0.58579898,0.41420099
0.51749998,0.48249999,0.00000000
0.08974362,0.83333319,0.07692312
0.00641026,0.03846151,0.95512825
0.05769234,0.38461527,0.55769241
0.24751399,0.75248599,0.00000000
0.00000000,0.47337300,0.52662700
0.00000000,0.80299997,0.19700000
0.81841099,0.18158901,0.00000000
0.99337751,0.00662252,0.00000000
0.05917157,0.02958578,0.91124260
0.00000000,0.02000000,0.98000002
0.97041422,0.02958581,0.00000000
0.83333319,0.01923080,0.14743602
0.00000000,0.57999998,0.41999999
0.60597700,0.39402300,0.00000000
0.00000000,0.92948723,0.07051282
0.68177801,0.31822199,0.00000000
0.52245301,0.47754699,0.00000000
0.32920399,0.67079598,0.00000000
0.30817401,0.69182599,0.00000000
0.00000000,0.04000000,0.95999998
0.31074801,0.68925202,0.00000000
0.64632601,0.35367399,0.00000000
0.00000000,0.44000000,0.56000000
0.33577701,0.66422302,0.00000000
0.61930102,0.38069901,0.00000000
0.08895737,0.91104269,0.00000000
0.00000000,0.02000000,0.98000002
0.01183430,0.40828386,0.57988185
0.00000000,0.40236700,0.59763300
0.00000000,0.37112576,0.62887418
0.00000000,0.11242600,0.88757402
0.25547600,0.74452400,0.00000000
0.20860900,0.27814600,0.51324499
0.10897412,0.73076975,0.16025618
0.51187003,0.48813000,0.00000000
0.97019875,0.01324500,0.01655630
0.42878500,0.57121497,0.00000000
0.00000000,0.92948723,0.07051282
0.54102302,0.45897701,0.00000000
0.00000000,0.25000000,0.75000000
0.34598899,0.65401101,0.00000000
0.69639599,0.30360401,0.00000000
0.12179500,0.00000000,0.87820500
0.00000000,0.60603940,0.39396060
0.21098800,0.78901201,0.00000000
0.76109600,0.23890400,0.00000000
0.13549800,0.86450201,0.00000000
0.46370000,0.53630000,0.00000000
0.58144498,0.41855499,0.00000000
0.58911902,0.41088101,0.00000000
0.47435901,0.00000000,0.52564102
0.65539098,0.34460899,0.00000000
1.00000000,0.00000000,0.00000000
0.00000000,0.02300000,0.97700000
0.51579702,0.48420301,0.00000000
0.62082797,0.37917200,0.00000000
0.07051279,0.03205130,0.89743590
0.00000000,0.01500000,0.98500001
0.00000000,0.17000000,0.82999998
0.00000000,0.00000000,1.00000000
0.00000000,0.23484698,0.76515305
0.54661298,0.45338699,0.00000000
0.60946703,0.39053300,0.00000000
0.00000000,0.22723182,0.77276814
0.00000000,0.00800000,0.99199998
0.00000000,0.06000000,0.94000000
0.37869841,0.15976317,0.46153849
0.12179500,0.16666700,0.71153802
1.00000000,0.00000000,0.00000000
0.05325441,0.89940822,0.04733732
0.32692313,0.58333319,0.08974363
0.60256398,0.00000000,0.39743599
0.59158701,0.40841299,0.00000000
0.24766301,0.75233698,0.00000000
0.37179491,0.00641026,0.62179488
0.38630900,0.61369097,0.00000000
0.62406600,0.37593400,0.00000000
0.48988801,0.51011199,0.00000000
0.00000000,0.88999999,0.11000000
0.57786202,0.42213801,0.00000000
0.82101297,0.17898700,0.00000000
0.37769800,0.62230200,0.00000000
0.51231098,0.48768899,0.00000000
0.01775151,0.42011824,0.56213027
0.26282078,0.64102548,0.09615372
0.06508882,0.17751504,0.75739616
0.33036500,0.66963500,0.00000000
0.52178401,0.47821599,0.00000000
0.00000000,0.01282051,0.98717952
0.73455101,0.26544899,0.00000000
0.74221498,0.25778499,0.00000000
0.00000000,0.59820092,0.40179911
0.85414797,0.14585200,0.00000000
0.00000000,0.50295901,0.49704099
0.47365800,0.52634197,0.00000000
0.31732199,0.68267798,0.00000000
0.12820497,0.08333328,0.78846180
0.00000000,0.70485240,0.29514754
0.25443801,0.55029601,0.19526599
0.15384600,0.20512800,0.64102602
0.00000000,0.05917162,0.94082838
0.20298500,0.79701501,0.00000000
0.33917499,0.66082501,0.00000000
0.07561291,0.92438710,0.00000000
0.76663601,0.23336400,0.00000000
0.02649010,0.06291390,0.91059601
0.91666675,0.08333328,0.00000000
0.35296601,0.64703399,0.00000000
0.00000000,0.38461500,0.61538500
0.19578500,0.80421501,0.00000000
0.51083302,0.48916700,0.00000000
0.40450200,0.59549803,0.00000000
0.00000000,0.28021592,0.71978408
0.00000000,0.21893500,0.78106499
0.01986760,0.06953640,0.91059601
0.43566999,0.56432998,0.00000000
0.23178796,0.03973510,0.72847694
0.84458399,0.15541600,0.00000000
0.66916001,0.33083999,0.00000000
0.00000000,0.09845078,0.90154928
0.00000000,0.78006595,0.21993400
0.79123902,0.20876101,0.00000000
0.78190702,0.21809299,0.00000000
0.01183431,0.37869826,0.60946745
0.48888400,0.51111603,0.00000000
0.00000000,0.41682506,0.58317494
0.22562800,0.77437198,0.00000000
0.74556202,0.21893500,0.03550300
0.00000000,0.62130201,0.37869799
0.03550300,0.20710100,0.75739598
0.03550300,0.63313603,0.33136103
0.00000000,0.13000000,0.87000000
0.65304399,0.34695601,0.00000000
0.87179500,0.12820500,0.00000000
0.58927500,0.41072500,0.00000000
0.30464801,0.69535202,0.00000000
0.00000000,0.80299997,0.19700000
0.20198704,0.03642381,0.76158917
0.00000000,0.44970399,0.55029601
0.02958580,0.04142010,0.92899412
0.49306899,0.50693101,0.00000000
0.92307687,0.00000000,0.07692309
0.05128209,0.69230795,0.25640997
0.59250802,0.40749201,0.00000000
0.75641000,0.24359000,0.00000000
0.51846302,0.48153701,0.00000000
0.59721500,0.40278500,0.00000000
0.00000000,0.92948723,0.07051282
0.33054900,0.66945100,0.00000000
0.54825801,0.45174199,0.00000000
0.41645700,0.58354300,0.00000000
0.30396801,0.69603199,0.00000000
0.25000006,0.65384614,0.09615382
0.00000000,0.78797877,0.21202120
0.22709100,0.77290899,0.00000000
0.53711998,0.46287999,0.00000000
0.01646461,0.98353541,0.00000000
0.05769234,0.38461527,0.55769241
0.88461530,0.02564101,0.08974363
0.55013102,0.44986901,0.00000000
0.00993378,0.93708611,0.05298011
0.02317880,0.71523213,0.26158905
0.38313001,0.61686999,0.00000000
0.12820497,0.83974379,0.03205129
0.91025639,0.08333334,0.00641026
0.47700199,0.52299798,0.00000000
0.00000000,0.00000000,1.00000000
0.53882700,0.46117300,0.00000000
0.17948699,0.05128209,0.76923090
0.50570297,0.49429700,0.00000000
0.84615380,0.08974358,0.06410258
0.17273401,0.82726598,0.00000000
0.09164763,0.90835232,0.00000000
0.96153849,0.03846152,0.00000000
0.00000000,0.03000000,0.97000003
0.80884498,0.19115500,0.00000000
0.06961463,0.93038541,0.00000000
0.00000000,0.10650900,0.89349103
0.00000000,0.44970399,0.55029601
0.00000000,0.26514694,0.73485303
1.00000000,0.00000000,0.00000000
0.00000000,0.94999999,0.05000000
0.00000000,0.90066230,0.09933773
0.55276197,0.44723800,0.00000000
0.47579601,0.52420402,0.00000000
0.00000000,0.61384553,0.38615444
0.03846148,0.76282066,0.19871791
0.37559101,0.62440902,0.00000000
0.46740299,0.53259701,0.00000000
0.61667401,0.38332599,0.00000000
0.13446900,0.86553103,0.00000000
0.57641900,0.42358100,0.00000000
0.00000000,0.21207879,0.78792119
0.17665701,0.82334298,0.00000000
0.64425099,0.35574901,0.00000000
0.46521199,0.53478801,0.00000000
0.00000000,0.77514797,0.22485200
0.48255399,0.51744598,0.00000000
0.05830029,0.94169974,0.00000000
0.03205130,0.89743590,0.07051279
0.23185900,0.76814097,0.00000000
0.02958581,0.66272217,0.30769205
0.00000000,0.78698200,0.21301800
0.47534600,0.52465397,0.00000000
0.42291000,0.57709002,0.00000000
0.49391401,0.50608599,0.00000000
0.00000000,0.71794897,0.28205100
0.13354000,0.86646003,0.00000000
0.32448700,0.67551303,0.00000000
0.72426403,0.27573600,0.00000000
0.00000000,0.00641026,0.99358976
0.63608903,0.36391100,0.00000000
0.43746999,0.56252998,0.00000000
0.44141299,0.55858701,0.00000000
0.51928598,0.48071399,0.00000000
0.52358800,0.47641200,0.00000000
0.60611898,0.39388099,0.00000000
0.00000000,0.83305013,0.16694993
0.67505902,0.32494101,0.00000000
0.01923080,0.87820524,0.10256402
0.02366861,0.31360912,0.66272229
0.00000000,0.15000001,0.85000002
0.00000000,0.36000001,0.63999999
0.82776600,0.17223400,0.00000000
0.03205132,0.38461527,0.58333343
0.06410262,0.15384606,0.78205132
0.16025600,0.02564100,0.81410301
0.58216298,0.41783699,0.00000000
0.01923080,0.89743590,0.08333329
0.39779001,0.60220999,0.00000000
0.45376301,0.54623699,0.00000000
0.01923080,0.90384614,0.07692311
0.00000000,0.45562100,0.54437900
0.49938801,0.50061202,0.00000000
0.00000000,0.00000000,1.00000000
0.38176000,0.61824000,0.00000000
0.00000000,0.40905908,0.59094089
0.23705500,0.76294500,0.00000000
0.50617403,0.49382600,0.00000000
0.00000000,0.44999999,0.55000001
0.40384600,0.46794900,0.12820500
0.06402163,0.93597841,0.00000000
0.55618697,0.44381300,0.00000000
0.00000000,0.95497745,0.04502251
0.11834312,0.72189373,0.15976316
0.00000000,0.14391440,0.85608566
0.64201897,0.35798100,0.00000000
0.72836697,0.27163300,0.00000000
0.45657000,0.54342997,0.00000000
0.49982101,0.50017899,0.00000000
0.62703902,0.37296101,0.00000000
1.00000000,0.00000000,0.00000000
0.00000000,0.00000000,1.00000000
0.10972000,0.89028001,0.00000000
0.00000000,0.44999999,0.55000001
0.00591716,0.04142009,0.95266277
0.16666700,0.27564099,0.55769199
0.54871798,0.45128199,0.00000000
0.00000000,0.47715688,0.52284318
0.07100591,0.32544404,0.60355008
0.56104702,0.43895301,0.00000000
0.00000000,0.07100591,0.92899412
0.33410701,0.66589302,0.00000000
0.01923080,0.08333329,0.89743590
0.14792900,0.36094701,0.49112400
0.57270801,0.42729199,0.00000000
0.13648400,0.86351597,0.00000000
0.00000000,0.59820092,0.40179911
0.23668623,0.34911233,0.41420138
0.01408470,0.98591530,0.00000000
0.00000000,0.00000000,1.00000000
0.79487216,0.04487181,0.16025604
0.36511600,0.63488400,0.00000000
0.00000000,0.56999999,0.43000001
0.67502600,0.32497400,0.00000000
0.00000000,0.01000000,0.99000001
0.23717923,0.62820566,0.13461514
0.57086498,0.42913499,0.00000000
0.88522398,0.11477600,0.00000000
0.10881300,0.89118701,0.00000000
0.87748301,0.00000000,0.12251700
0.11242600,0.34319499,0.54437900
0.00000000,0.85601443,0.14398560
0.02366861,0.25443810,0.72189325
0.00000000,0.18183635,0.81816363
0.42307675,0.06410256,0.51282072
0.00591716,0.27810696,0.71597594
0.22435901,0.57692301,0.19871800
0.00000000,0.17000000,0.82999998
0.51278698,0.48721299,0.00000000
0.58787698,0.41212299,0.00000000
0.50295889,0.04733729,0.44970387
0.22665600,0.77334398,0.00000000
0.22490899,0.77509099,0.00000000
0.21003801,0.78996199,0.00000000
0.81315202,0.18684800,0.00000000
0.91051376,0.08948628,0.00000000
0.01923080,0.75641018,0.22435907
0.00000000,0.93491119,0.06508882
0.34530401,0.65469599,0.00000000
0.00000000,0.26514694,0.73485303
0.00000000,0.21207879,0.78792119
0.17307700,0.69230801,0.13461500
0.62889397,0.37110600,0.00000000
0.00000000,0.31813636,0.68186361
0.40529299,0.59470701,0.00000000
0.32164600,0.67835402,0.00000000
0.00000000,0.96153849,0.03846152
0.39111400,0.60888600,0.00000000
0.00000000,0.40000001,0.60000002
0.43685701,0.56314301,0.00000000
0.08333327,0.14102596,0.77564073
0.07051278,0.08974357,0.83974367
0.38216799,0.61783201,0.00000000
0.16025612,0.78205156,0.05769234
0.55331999,0.44668001,0.00000000
0.00000000,0.61384553,0.38615444
0.71507001,0.28492999,0.00000000
0.00000000,0.28402400,0.71597600
0.80939698,0.19060300,0.00000000
0.70073903,0.29926100,0.00000000
0.08974364,0.10897405,0.80128235
0.47878200,0.52121800,0.00000000
0.53503197,0.46496800,0.00000000
0.61142600,0.38857400,0.00000000
0.00000000,0.64999998,0.34999999
0.00000000,0.24230307,0.75769687
0.05512128,0.94487876,0.00000000
0.00000000,0.01500000,0.98500001
0.00000000,0.34093410,0.65906590
0.09467464,0.30177513,0.60355026
0.00000000,0.48520699,0.51479298
0.00000000,0.08284019,0.91715986
0.00000000,0.90900910,0.09099090
0.01775151,0.71005934,0.27218911
0.06197072,0.93802929,0.00000000
0.17880803,0.00993378,0.81125814
0.55990398,0.44009599,0.00000000
0.00000000,0.53795379,0.46204624
0.00000000,0.00800000,0.99199998
0.30165601,0.69834399,0.00000000
0.27730900,0.72269100,0.00000000
0.10937600,0.89062399,0.00000000
0.03846151,0.90384620,0.05769231
0.36555099,0.63444901,0.00000000
0.00000000,0.55000001,0.44999999
0.76923102,0.02564100,0.20512800
0.01923080,0.57051313,0.41025609
0.63461500,0.00000000,0.36538500
0.00000000,0.57591522,0.42408481
0.72077900,0.27922100,0.00000000
0.67237598,0.32762399,0.00000000
0.57314098,0.42685899,0.00000000
0.82339102,0.17660899,0.00000000
0.12820500,0.28846201,0.58333302
0.00000000,0.00000000,1.00000000
0.00000000,0.93000001,0.07000000
0.00000000,0.21531385,0.78468609
0.50442898,0.49557099,0.00000000
0.69838202,0.30161801,0.00000000
0.56160402,0.43839601,0.00000000
0.03846148,0.76282066,0.19871791
0.00000000,0.26627201,0.73372799
0.29487193,0.69871783,0.00641026
0.00000000,0.27000001,0.73000002
0.00641026,0.54487187,0.44871789
0.10815500,0.89184499,0.00000000
0.22435901,0.63461500,0.14102601
0.29287401,0.70712602,0.00000000
0.00000000,0.32586518,0.67413485
0.64665800,0.35334200,0.00000000
0.73076952,0.21153815,0.05769234
0.01702049,0.98297954,0.00000000
1.00000000,0.00000000,0.00000000
0.24063700,0.75936300,0.00000000
0.00000000,0.20000000,0.80000001
0.24374799,0.75625199,0.00000000
0.05128209,0.00000000,0.94871789
0.29688001,0.70311999,0.00000000
0.51712900,0.48287100,0.00000000
0.60259801,0.39740199,0.00000000
0.21855600,0.78144401,0.00000000
0.62983900,0.37016100,0.00000000
0.47542900,0.52457100,0.00000000
0.76625198,0.23374800,0.00000000
0.00000000,0.33320007,0.66680002
0.34768212,0.04635761,0.60596025
0.49825400,0.50174600,0.00000000
0.01324500,0.03311261,0.95364237
0.18589717,0.65384662,0.16025615
0.69346201,0.30653799,0.00000000
0.16025615,0.12820512,0.71153867
0.38307700,0.61692297,0.00000000
0.40093899,0.59906101,0.00000000
0.70107502,0.29892501,0.00000000
0.00000000,0.79000002,0.20999999
0.00000000,0.94999999,0.05000000
0.89102560,0.03205128,0.07692306
0.49918699,0.50081301,0.00000000
0.54104000,0.45896000,0.00000000
0.43495500,0.56504500,0.00000000
0.85256380,0.14102598,0.00641026
0.35769099,0.64230901,0.00000000
0.48696700,0.51303297,0.00000000
0.46099600,0.53900403,0.00000000
0.00000000,0.65403461,0.34596539
0.58858901,0.41141099,0.00000000
0.29224399,0.70775598,0.00000000
0.45212999,0.54786998,0.00000000
0.00000000,0.91124260,0.08875736
0.00000000,0.74210316,0.25789684
0.00000000,0.20000000,0.80000001
0.70882499,0.29117501,0.00000000
0.00000000,0.97041422,0.02958581
0.43870300,0.56129700,0.00000000
0.10256400,0.11538500,0.78205103
0.02366859,0.94674563,0.02958579
0.94871789,0.00000000,0.05128209
0.00000000,0.44999999,0.55000001
0.14102593,0.84615356,0.01282049
0.60897398,0.17307700,0.21794900
0.00000000,0.02366861,0.97633141
0.70042801,0.29957199,0.00000000
0.90704697,0.09295300,0.00000000
0.29487199,0.00000000,0.70512801
0.00000000,0.44700000,0.55299997
0.19230790,0.76923066,0.03846148
0.66098601,0.33901399,0.00000000
0.00000000,0.76331401,0.23668601
0.22515801,0.77484202,0.00000000
0.15384600,0.36094701,0.48520699
0.45512816,0.06410262,0.48076919
0.56360459,0.43639544,0.00000000
0.05769231,0.85256410,0.08974361
0.00000000,0.52999997,0.47000000
0.00000000,0.96794873,0.03205129
0.80852401,0.19147600,0.00000000
0.00000000,0.78797877,0.21202120
0.00000000,0.01500000,0.98500001
0.00641027,0.88461572,0.10897408
0.45135757,0.54864246,0.00000000
0.07051282,0.46794912,0.46153811
0.00000000,0.79510248,0.20489755
0.07051282,0.68589717,0.24359006
0.37842500,0.62157500,0.00000000
0.39581999,0.60417998,0.00000000
0.72688198,0.27311799,0.00000000
0.76753002,0.23247001,0.00000000
0.00000000,0.37112576,0.62887418
0.57998902,0.42001101,0.00000000
0.46903801,0.53096199,0.00000000
0.65760797,0.34239200,0.00000000
0.13609500,0.56212997,0.30177501
0.83974397,0.16025600,0.00000000
0.08333336,0.20512815,0.71153855
0.00000000,0.38624549,0.61375445
0.31410271,0.14102587,0.54487145
